{
  "images" : [
    {
      "filename" : "imageX.png",
      "idiom" : "universal",
      "scale" : "1x"
    },
    {
      "filename" : "imageX-1.png",
      "idiom" : "universal",
      "scale" : "2x"
    },
    {
      "filename" : "imageX-2.png",
      "idiom" : "universal",
      "scale" : "3x"
    },
    {
      "idiom" : "iphone",
      "scale" : "1x"
    },
    {
      "idiom" : "iphone",
      "scale" : "2x"
    },
    {
      "idiom" : "iphone",
      "scale" : "3x"
    },
    {
      "idiom" : "ipad",
      "scale" : "1x"
    },
    {
      "idiom" : "ipad",
      "scale" : "2x"
    },
    {
      "idiom" : "watch",
      "scale" : "2x"
    },
    {
      "idiom" : "tv",
      "scale" : "1x"
    },
    {
      "idiom" : "tv",
      "scale" : "2x"
    },
    {
      "idiom" : "mac",
      "scale" : "1x"
    },
    {
      "idiom" : "mac",
      "scale" : "2x"
    }
  ],
  "info" : {
    "author" : "xcode",
    "version" : 1
  }
}
